iter	Logloss
0	0.6878334826
1	0.6832583167
2	0.6737607609
3	0.6683647849
4	0.6616662199
5	0.6551568291
